age_band,gender,education,income_quintile,weight
40-49,male,tertiary,1,520411.32767905906
40-49,male,tertiary,2,729404.2574522767
40-49,male,tertiary,3,901513.244181374
40-49,male,tertiary,4,1091192.9584800897
40-49,male,tertiary,5,1209915.4484208848
40-49,male,below_secondary,1,354208.49090615
40-49,male,below_secondary,2,226951.18708826957
40-49,male,below_secondary,3,140251.101397051
40-49,male,below_secondary,4,72754.34558091701
40-49,male,below_secondary,5,31371.691862465093
40-49,male,secondary,1,750351.5235255033
40-49,male,secondary,2,661060.1196280944
40-49,male,secondary,3,571929.9179696516
40-49,male,secondary,4,449522.6071639692
40-49,male,secondary,5,372161.77866424416
50-59,female,tertiary,1,562230.4369829999
50-59,female,tertiary,2,788017.5787748441
50-59,female,tertiary,3,973956.8650101299
50-59,female,tertiary,4,1178878.8238241118
50-59,female,tertiary,5,1307141.5918480386
50-59,female,below_secondary,1,382774.2901873934
50-59,female,below_secondary,2,245254.08558858003
50-59,female,below_secondary,3,151561.9110313209
50-59,female,below_secondary,4,78621.75442644171
50-59,female,below_secondary,5,33901.72001216756
50-59,female,secondary,1,920385.4897691095
50-59,female,secondary,2,810860.1407404885
50-59,female,secondary,3,701532.5233043437
50-59,female,secondary,4,551387.0126004145
50-59,female,secondary,5,456495.7758996157
60-69,female,tertiary,1,415717.4348328123
60-69,female,tertiary,2,582666.1541295159
60-69,female,tertiary,3,720151.0678299712
60-69,female,tertiary,4,871671.913119319
60-69,female,tertiary,5,966510.373295169
60-69,female,below_secondary,1,335278.27049436636
60-69,female,below_secondary,2,214822.0707497365
60-69,female,below_secondary,3,132755.56040747868
60-69,female,below_secondary,4,68866.08250106112
60-69,female,below_secondary,5,29695.07185788032
60-69,female,secondary,1,872022.3864006225
60-69,female,secondary,2,768252.2191251055
60-69,female,secondary,3,664669.3933244968
60-69,female,secondary,4,522413.5146662776
60-69,female,secondary,5,432508.4872661876
30-39,female,tertiary,1,500589.9993112644
30-39,female,tertiary,2,701622.8458440625
30-39,female,tertiary,3,867176.5779897904
30-39,female,tertiary,4,1049631.8071517353
30-39,female,tertiary,5,1163832.4173166733
30-39,female,below_secondary,1,185932.1385643877
30-39,female,below_secondary,2,119131.86907828512
30-39,female,below_secondary,3,73621.01103802676
30-39,female,below_secondary,4,38190.42008029271
30-39,female,below_secondary,5,16467.718612416396
30-39,female,secondary,1,452026.62143440696
30-39,female,secondary,2,398235.71095921943
30-39,female,secondary,3,344541.91190602974
30-39,female,secondary,4,270801.3231185354
30-39,female,secondary,5,224197.62759487485
60-69,male,tertiary,1,428009.0902558193
60-69,male,tertiary,2,599894.0377666047
60-69,male,tertiary,3,741444.013558448
60-69,male,tertiary,4,897444.9259887097
60-69,male,tertiary,5,995087.5064050277
60-69,male,below_secondary,1,306468.63436581666
60-69,male,below_secondary,2,196362.9392302499
60-69,male,below_secondary,3,121348.20202501697
60-69,male,below_secondary,4,62948.58962110549
60-69,male,below_secondary,5,27143.44746010701
60-69,male,secondary,1,796047.0181086983
60-69,male,secondary,2,701317.8763841584
60-69,male,secondary,3,606759.7539187502
60-69,male,secondary,4,476897.9868582396
60-69,male,secondary,5,394825.9780532472
80+,female,tertiary,1,447068.59173715557
80+,female,tertiary,2,626607.6790461009
80+,female,tertiary,3,774460.9601524997
80+,female,tertiary,4,937408.6867725659
80+,female,tertiary,5,1039399.3498545438
80+,female,below_secondary,1,360563.1413805563
80+,female,below_secondary,2,231022.7875883255
80+,female,below_secondary,3,142767.26560799
80+,female,below_secondary,4,74059.58938091224
80+,female,below_secondary,5,31934.51331281132
80+,female,secondary,1,937785.5908501567
80+,female,secondary,2,826189.6397040322
80+,female,secondary,3,714795.1583119851
80+,female,secondary,4,561811.1119160507
80+,female,secondary,5,465125.9343843141
70-79,female,tertiary,1,474370.9081337828
70-79,female,tertiary,2,664874.3822457093
70-79,female,tertiary,3,821757.0094874775
70-79,female,tertiary,4,994655.8945438928
70-79,female,tertiary,5,1102875.0903486593
70-79,female,below_secondary,1,382582.60136695905
70-79,female,below_secondary,2,245131.26525404264
70-79,female,below_secondary,3,151486.01062553836
70-79,female,below_secondary,4,78582.38158518038
70-79,female,below_secondary,5,33884.74243324857
70-79,female,secondary,1,995055.8160165042
70-79,female,secondary,2,876644.7406968498
70-79,female,secondary,3,758447.4388159234
70-79,female,secondary,4,596120.7123133226
70-79,female,secondary,5,493531.00613290945
70-79,male,tertiary,1,434296.4925609919
70-79,male,tertiary,2,608706.4093768863
70-79,male,tertiary,3,752335.7373702425
70-79,male,tertiary,4,910628.2845315252
70-79,male,tertiary,5,1009705.2227667993
70-79,male,below_secondary,1,310970.6219217889
70-79,male,below_secondary,2,199247.48730381732
70-79,male,below_secondary,3,123130.79258795243
70-79,male,below_secondary,4,63873.29686798793
70-79,male,below_secondary,5,27542.18145435232
70-79,male,secondary,1,807740.8535216117
70-79,male,secondary,2,711620.1520437734
70-79,male,secondary,3,615672.9820775132
70-79,male,secondary,4,483903.5612027298
70-79,male,secondary,5,400625.92441202735
80+,male,tertiary,1,275947.10117146117
80+,male,tertiary,2,386765.1984512658
80+,male,tertiary,3,478025.6561843095
80+,male,tertiary,4,578602.9582680202
80+,male,tertiary,5,641555.3292110761
80+,male,below_secondary,1,197587.2316232278
80+,male,below_secondary,2,126599.60989545501
80+,male,below_secondary,3,78235.91915105829
80+,male,below_secondary,4,40584.37361317196
80+,male,below_secondary,5,17499.99196965551
80+,male,secondary,1,513229.4431223109
80+,male,secondary,2,452155.431727545
80+,male,secondary,3,391191.6803012618
80+,male,secondary,4,307466.87400816835
80+,male,secondary,5,254553.20130201196
50-59,male,tertiary,1,551021.7360642349
50-59,male,tertiary,2,772307.5553072179
50-59,male,tertiary,3,954539.9311524449
50-59,male,tertiary,4,1155376.5384860635
50-59,male,tertiary,5,1281082.2428734011
50-59,male,below_secondary,1,405637.4683396134
50-59,male,below_secondary,2,259903.1568431471
50-59,male,below_secondary,3,160614.73161470843
50-59,male,below_secondary,4,83317.84615509937
50-59,male,below_secondary,5,35926.675930511534
50-59,male,secondary,1,965221.9022798375
50-59,male,secondary,2,850361.0457013741
50-59,male,secondary,3,735707.553174117
50-59,male,secondary,4,578247.7310980646
50-59,male,secondary,5,478733.88498016464
20-29,male,tertiary,1,483176.15940696927
20-29,male,tertiary,2,677215.7503616628
20-29,male,tertiary,3,837010.4258120697
20-29,male,tertiary,4,1013118.652127975
20-29,male,tertiary,5,1123346.607735049
20-29,male,below_secondary,1,215807.146775806
20-29,male,below_secondary,2,138273.61398820498
20-29,male,below_secondary,3,85450.21026241106
20-29,male,below_secondary,4,44326.74015010762
20-29,male,below_secondary,5,19113.701348740913
20-29,male,secondary,1,525685.5274176432
20-29,male,secondary,2,463129.24908674974
20-29,male,secondary,3,400685.90673500113
20-29,male,secondary,4,314929.09846156044
20-29,male,secondary,5,260731.21033004983
18-19,female,tertiary,1,86483.36324789787
18-19,female,tertiary,2,121214.37408585988
18-19,female,tertiary,3,149815.91141961215
18-19,female,tertiary,4,181337.39982689347
18-19,female,tertiary,5,201067.02460088898
18-19,female,below_secondary,1,25408.71955075593
18-19,female,below_secondary,2,16280.070106972295
18-19,female,below_secondary,3,10060.74386575477
18-19,female,below_secondary,4,5218.945368122464
18-19,female,below_secondary,5,2250.4105373840644
18-19,female,secondary,1,70637.5292633543
18-19,female,secondary,2,62231.70351633048
18-19,female,secondary,3,53841.053227095865
18-19,female,secondary,4,42317.72085820915
18-19,female,secondary,5,35035.030524868394
40-49,female,tertiary,1,558167.255086194
40-49,female,tertiary,2,782322.6562842998
40-49,female,tertiary,3,966918.1783047026
40-49,female,tertiary,4,1170359.1870694847
40-49,female,tertiary,5,1297695.0131799409
40-49,female,below_secondary,1,291020.7545956475
40-49,female,below_secondary,2,186465.054956308
40-49,female,below_secondary,3,115231.51592731001
40-49,female,below_secondary,4,59775.59853775761
40-49,female,below_secondary,5,25775.2529178521
40-49,female,secondary,1,641810.6582924424
40-49,female,secondary,2,565435.5555326159
40-49,female,secondary,3,489198.33656707255
40-49,female,secondary,4,384497.65393384465
40-49,female,secondary,5,318327.32881452783
30-39,male,tertiary,1,478997.61374693445
30-39,male,tertiary,2,671359.1349647982
30-39,male,tertiary,3,829771.8934174381
30-39,male,tertiary,4,1004357.1218568098
30-39,male,tertiary,5,1113631.8173815117
30-39,male,below_secondary,1,252270.10661965865
30-39,male,below_secondary,2,161636.4419095346
30-39,male,below_secondary,3,99887.95077284888
30-39,male,below_secondary,4,51816.22402610439
30-39,male,below_secondary,5,22343.168653966717
30-39,male,secondary,1,553443.6049422969
30-39,male,secondary,2,487584.13119704084
30-39,male,secondary,3,421843.5568548799
30-39,male,secondary,4,331558.48214044626
30-39,male,secondary,5,274498.75151573
20-29,female,tertiary,1,503672.8604505114
20-29,female,tertiary,2,705943.7587844663
20-29,female,tertiary,3,872517.0461909692
20-29,female,tertiary,4,1056095.9177277312
20-29,female,tertiary,5,1170999.8272467125
20-29,female,below_secondary,1,147978.54727076812
20-29,female,below_secondary,2,94813.9523160012
20-29,female,below_secondary,3,58593.04553870724
20-29,female,below_secondary,4,30394.76083466357
20-29,female,below_secondary,5,13106.228411853017
20-29,female,secondary,1,411387.8679445915
20-29,female,secondary,2,362432.94598675537
20-29,female,secondary,3,313566.4047988879
20-29,female,secondary,4,246455.34946767407
20-29,female,secondary,5,204041.48702970773
18-19,male,tertiary,1,81968.69108388449
18-19,male,tertiary,2,114886.64653212098
18-19,male,tertiary,3,141995.10404567057
18-19,male,tertiary,4,171871.08306321304
18-19,male,tertiary,5,190570.76653487654
18-19,male,below_secondary,1,36610.724687807124
18-19,male,below_secondary,2,23457.50494801417
18-19,male,below_secondary,3,14496.248938791334
18-19,male,below_secondary,4,7519.834742217592
18-19,male,below_secondary,5,3242.5546062692856
18-19,male,secondary,1,89180.21670823389
18-19,male,secondary,2,78567.82171723107
18-19,male,secondary,3,67974.58581387477
18-19,male,secondary,4,53426.32388320927
18-19,male,secondary,5,44231.892694585884
